[
    {
        "camera": {
            "upVector": [
                0.0,
                1.0,
                0.0
            ]
        },
        "force": {
            "inverseMass": 0.10000000149011612,
            "restitution": 0.800000011920929,
            "acceleration": [
                0.0,
                0.0,
                0.0
            ],
            "velocity": [
                0.0,
                0.0,
                0.0
            ],
            "isActive": true,
            "adjustTowards": [
                0.0,
                0.0,
                0.0
            ],
            "adjustValue": [
                0.0,
                0.0,
                0.0
            ]
        },
        "script": {
            "scriptName": "Player",
            "isActive": false,
            "variables": {
                "sensitivity": "0.025",
                "velocity": "400"
            }
        },
        "tag": {
            "name": "player"
        },
        "transform": {
            "position": [
                -629.8134155273438,
                716.0524291992188,
                1122.59228515625
            ],
            "scale": 1.0,
            "orientation": [
                -42.02378845214844,
                -17.825910568237305,
                -0.00014000000373926014
            ]
        }
    },
    {
        "script": {
            "scriptName": "GameManager",
            "isActive": true,
            "variables": {
                "minDistanceToInteract": "10"
            }
        },
        "tag": {
            "name": "GM"
        },
        "transform": {
            "position": [
                0.0,
                0.0,
                0.0
            ],
            "scale": 1.0,
            "orientation": [
                0.0,
                -0.0,
                0.0
            ]
        }
    },
    {
        "tag": {
            "name": "Dungeons_2_Texture_01_A"
        },
        "texture": {
            "fileName": "Dungeons_2_Texture_01_A.bmp",
            "textureType": 0
        },
        "transform": {
            "position": [
                0.0,
                0.0,
                0.0
            ],
            "scale": 1.0,
            "orientation": [
                0.0,
                -0.0,
                0.0
            ]
        }
    },
    {
        "tag": {
            "name": "Water_Texture_01"
        },
        "texture": {
            "fileName": "Water_Texture_01.bmp",
            "textureType": 0
        },
        "transform": {
            "position": [
                0.0,
                0.0,
                0.0
            ],
            "scale": 1.0,
            "orientation": [
                0.0,
                -0.0,
                0.0
            ]
        }
    },
    {
        "tag": {
            "name": "NvF5e_height_map"
        },
        "texture": {
            "fileName": "NvF5e_height_map.bmp",
            "textureType": 8
        },
        "transform": {
            "position": [
                0.0,
                0.0,
                0.0
            ],
            "scale": 1.0,
            "orientation": [
                0.0,
                -0.0,
                0.0
            ]
        }
    },
    {
        "collision": {
            "shape": 4,
            "bodyType": 0,
            "isActive": true,
            "minXYZ": [
                -1.0,
                -1.0,
                -1.0
            ],
            "maxXYZ": [
                501.0,
                501.0,
                68.0
            ],
            "offset": [
                0.0,
                0.0,
                0.0
            ]
        },
        "material": {
            "materialName": "wall",
            "colorTextures": [
                "Dungeons_2_Texture_01_A"
            ],
            "colorTexturesRatios": [
                1.0,
                0.0,
                0.0
            ],
            "useHeightMap": false,
            "heightMapTexture": ""
        },
        "model": {
            "models": [
                "walls/SM_Env_Dwarf_Wall_01.ply"
            ],
            "collisionName": "",
            "friendlyName": "wall1",
            "parentTagName": "",
            "isWireframe": false,
            "doNotLight": true,
            "isActive": true
        },
        "tag": {
            "name": "wall"
        },
        "transform": {
            "position": [
                0.0,
                0.0,
                0.0
            ],
            "scale": 1.0,
            "orientation": [
                0.0,
                -0.0,
                0.0
            ]
        }
    },
    {
        "collision": {
            "shape": 4,
            "bodyType": 0,
            "isActive": true,
            "minXYZ": [
                -1.0,
                -1.0,
                -1.0
            ],
            "maxXYZ": [
                501.0,
                501.0,
                68.0
            ],
            "offset": [
                0.0,
                0.0,
                0.0
            ]
        },
        "material": {
            "materialName": "water",
            "colorTextures": [
                "Dungeons_2_Texture_01_A",
                "Water_Texture_01"
            ],
            "colorTexturesRatios": [
                0.9,
                0.1,
                0.0
            ],
            "useHeightMap": true,
            "heightMapTexture": "NvF5e_height_map"
        },
        "model": {
            "models": [
                "walls/SM_Env_Dwarf_Wall_01.ply"
            ],
            "collisionName": "",
            "friendlyName": "wall1",
            "parentTagName": "",
            "isWireframe": false,
            "doNotLight": true,
            "isActive": true
        },
        "tag": {
            "name": "wall"
        },
        "transform": {
            "position": [
                605.0,
                0.0,
                0.0
            ],
            "scale": 1.0,
            "orientation": [
                0.0,
                -0.0,
                0.0
            ]
        }
    }
]