[
    {
        "camera": {
            "upVector": [
                0.0,
                1.0,
                0.0
            ]
        },
        "script": {
            "scriptName": "Player",
            "isActive": false,
            "variables": {
                "sensitivity": "0.025",
                "velocity": "300"
            }
        },
        "tag": {
            "name": "player"
        },
        "transform": {
            "position": [
                -1168.0931396484375,
                297.17718505859375,
                -88.48341369628906
            ],
            "scale": 1.0,
            "orientation": [
                10.949919700622559,
                -6.5749897956848145,
                0.0
            ]
        }
    },
    {
        "script": {
            "scriptName": "GameManager",
            "isActive": true,
            "variables": {
                "minDistanceToInteract": "10"
            }
        },
        "tag": {
            "name": "GM"
        }
    },
    {
        "model": {
            "models": [
                "walls/SM_Env_Dwarf_Wall_01.ply"
            ],
            "collisionName": "",
            "friendlyName": "wall1",
            "parentTagName": "",
            "isWireframe": false,
            "useVertexColour": true,
            "doNotLight": true,
            "isActive": true
        },
        "tag": {
            "name": "wall"
        },
        "transform": {
            "position": [
                0.0,
                0.0,
                0.0
            ],
            "scale": 0.2,
            "orientation": [
                0.0,
                -0.0,
                0.0
            ]
        }
    }
]